player_id,lastname,firstname,handedness_batting,handedness_throwing,team,position
adelj001,Adell,Jo,R,R,ANA,OF
aguir002,Aguilar,Ryan,L,L,ANA,OF
barrk002,Barraclough,Kyle,R,R,ANA,P
barrj003,Barria,Jaime,R,R,ANA,P
brada001,Bradley,Archie,R,R,ANA,P
chavj001,Chavez,Jesse,R,R,ANA,P
davit005,Davidson,Tucker,L,L,ANA,P
detmr001,Detmers,Reid,L,L,ANA,P
diazj007,Diaz,Jhonathan,L,L,ANA,P
duffm002,Duffy,Matt,R,R,ANA,IF
duggs001,Duggar,Steven,L,R,ANA,OF
fletd002,Fletcher,David,R,R,ANA,SS
fordm002,Ford,Mike,L,R,ANA,1B
gossp001,Gosselin,Phil,R,R,ANA,2B
harrm003,Harrison,Monte,R,R,ANA,OF
hergj001,Herget,Jimmy,R,R,ANA,P
igler001,Iglesias,Raisel,R,R,ANA,P
junkj001,Junk,Janson,R,R,ANA,P
lagaj001,Lagares,Juan,R,R,ANA,OF
lorem002,Lorenzen,Michael,R,R,ANA,P
loupa001,Loup,Aaron,L,L,ANA,P
mackd001,MacKinnon,David,R,R,ANA,1B
marsb002,Marsh,Brandon,L,R,ANA,OF
martj010,Marte,Jose,R,R,ANA,P
mayem001,Mayers,Mike,R,R,ANA,P
mayfj001,Mayfield,Jack,R,R,ANA,2B
monim001,Moniak,Mickey,L,R,ANA,OF
morab001,Moran,Brian,L,L,ANA,P
ohopl001,O`Hoppe,Logan,R,R,ANA,C
ohtas001,Ohtani,Shohei,L,R,ANA,P
orteo001,Ortega,Oliver,R,R,ANA,P
pegue001,Peguero,Elvis,R,R,ANA,P
quijj001,Quijada,Jose,L,L,ANA,P
renda001,Rendon,Anthony,R,R,ANA,2B
rengl001,Rengifo,Luis,B,R,ANA,2B
reyeg002,Reyes,Gerardo,R,R,ANA,P
rojaj002,Rojas,Jose,L,R,ANA,SS
romia002,Romine,Austin,R,R,ANA,C
rosek001,Rosenberg,Kenny,L,L,ANA,P
sandp002,Sandoval,Patrick,L,L,ANA,P
sierm002,Sierra,Magneuris,L,L,ANA,OF
silsc001,Silseth,Chase,R,R,ANA,P
sotol001,Soto,Livan,L,R,ANA,SS
stasm001,Stassi,Max,R,R,ANA,C
stefm001,Stefanic,Michael,R,R,ANA,2B
suarj001,Suarez,Jose,L,L,ANA,P
suzuk001,Suzuki,Kurt,R,R,ANA,C
syndn001,Syndergaard,Noah,L,R,ANA,P
teper001,Tepera,Ryan,R,R,ANA,P
thaim001,Thaiss,Matt,L,R,ANA,1B
thomd004,Thomas,Dillon,L,L,ANA,OF
toust001,Toussaint,Touki,R,R,ANA,P
troum001,Trout,Mike,R,R,ANA,OF
valdc003,Valdez,Cesar,R,R,ANA,P
velaa001,Velazquez,Andrew,B,R,ANA,SS
villj001,Villar,Jonathan,B,R,ANA,SS
wadet002,Wade,Tyler,L,R,ANA,SS
wallc001,Wallach,Chad,R,R,ANA,C
walsj001,Walsh,Jared,L,L,ANA,OF
waltn001,Walters,Nash,R,R,ANA,P
wanta001,Wantz,Andrew,R,R,ANA,P
wardt002,Ward,Taylor,R,R,ANA,3B
warra003,Warren,Austin,R,R,ANA,P
weisz001,Weiss,Zack,R,R,ANA,P
whita002,Whitefield,Aaron,R,R,ANA,OF
zastr001,Zastryzny,Rob,R,L,ANA,P
ahmen001,Ahmed,Nick,R,R,ARI,SS
alcas002,Alcantara,Sergio,B,R,ARI,SS
beers001,Beer,Seth,L,R,ARI,1B
bumgm001,Bumgarner,Madison,R,L,ARI,P
carrc005,Carroll,Corbin,L,L,ARI,OF
casth002,Castellanos,Humberto,R,R,ARI,P
davim005,Davidson,Matt,R,R,ARI,3B
daviz001,Davies,Zach,R,R,ARI,P
devec001,Devenski,Chris,R,R,ARI,P
difow001,Difo,Wilmer,B,R,ARI,2B
ellid002,Ellis,Drew,R,R,ARI,3B
frial001,Frias,Luis,R,R,ARI,P
fry-p001,Fry,Paul,L,L,ARI,P
gallz001,Gallen,Zac,R,R,ARI,P
garrs003,Garrett,Stone,R,R,ARI,OF
gilbt001,Gilbert,Tyler,L,L,ARI,P
ginkk001,Ginkel,Kevin,L,R,ARI,P
greig001,Greiner,Grayson,R,R,ARI,C
hagej001,Hager,Jake,R,R,ARI,2B
henrt001,Henry,Tommy,L,L,ARI,P
herny003,Hernandez,Yonny,B,R,ARI,3B
herrj003,Herrera,Jose,B,R,ARI,C
holtt002,Holton,Tyler,L,L,ARI,P
hummc001,Hummel,Cooper,B,R,ARI,OF
jamed003,Jameson,Drey,R,R,ARI,P
kellc002,Kelly,Carson,R,R,ARI,C
kellm002,Kelly,Merrill,R,R,ARI,P
kennb002,Kennedy,Buddy,R,R,ARI,3B
kenni001,Kennedy,Ian,R,R,ARI,P
keucd001,Keuchel,Dallas,L,L,ARI,P
luplj001,Luplow,Jordan,R,R,ARI,OF
mantj002,Mantiply,Joe,R,L,ARI,P
martk001,Marte,Ketel,B,R,ARI,SS
martc009,Martin,Corbin,R,R,ARI,P
mccaj003,McCarthy,Jake,L,L,ARI,OF
melam001,Melancon,Mark,R,R,ARI,P
middk001,Middleton,Keynan,R,R,ARI,P
moror001,Moronta,Reyes,R,R,ARI,P
nelsk001,Nelson,Kyle,L,L,ARI,P
nelsr003,Nelson,Ryne,R,R,ARI,P
peacm001,Peacock,Matt,R,R,ARI,P
perad001,Peralta,David,L,L,ARI,OF
perdg001,Perdomo,Geraldo,B,R,ARI,SS
pereo002,Perez,Oliver,L,L,ARI,P
popps001,Poppen,Sean,R,R,ARI,P
ramin002,Ramirez,Noe,R,R,ARI,P
rivee001,Rivera,Emmanuel,R,R,ARI,3B
rojaj001,Rojas,Josh,L,R,ARI,3B
smitc006,Smith,Caleb,R,L,ARI,P
smitp002,Smith,Pavin,L,L,ARI,OF
thoma004,Thomas,Alek,L,L,ARI,OF
ucete001,Uceta,Edwin,R,R,ARI,P
varsd001,Varsho,Daulton,L,R,ARI,C
walkc002,Walker,Christian,R,R,ARI,1B
weavl001,Weaver,Luke,R,R,ARI,P
wendj001,Wendelken,J. B.,R,R,ARI,P
widet001,Widener,Taylor,L,R,ARI,P
acunr001,Acuna,Ronald,R,R,ATL,OF
adrie001,Adrianza,Ehire,B,R,ATL,2B
albio001,Albies,Ozzie,B,R,ATL,2B
andei001,Anderson,Ian,R,R,ATL,P
arcio002,Arcia,Orlando,R,R,ATL,SS
bannr001,Bannon,Rylan,R,R,ATL,3B
bracs001,Bracho,Silvino,R,R,ATL,P
canor001,Cano,Robinson,L,R,ATL,2B
chavj001,Chavez,Jesse,R,R,ATL,P
contw002,Contreras,William,R,R,ATL,C
cruzj006,Cruz,Jesus,R,R,ATL,P
darnt001,d'Arnaud,Travis,R,R,ATL,C
davit005,Davidson,Tucker,L,L,ATL,P
demet001,Demeritte,Travis,R,R,ATL,OF
dicka001,Dickerson,Alex,L,L,ATL,OF
duvaa001,Duvall,Adam,R,R,ATL,OF
eldeb001,Elder,Bryce,R,R,ATL,P
fordm002,Ford,Mike,L,R,ATL,1B
friem001,Fried,Max,L,L,ATL,P
gossp001,Gosselin,Phil,R,R,ATL,2B
grisv001,Grissom,Vaughn,R,R,ATL,3B
grosr001,Grossman,Robbie,B,L,ATL,OF
harrm004,Harris,Michael,L,L,ATL,OF
hereg002,Heredia,Guillermo,R,L,ATL,OF
igler001,Iglesias,Raisel,R,R,ATL,P
jackj001,Jackson,Jay,R,R,ATL,P
jansk001,Jansen,Kenley,B,R,ATL,P
lee-d005,Lee,Dylan,L,L,ATL,P
matzt001,Matzek,Tyler,L,L,ATL,P
mchuc001,McHugh,Collin,R,R,ATL,P
minta001,Minter,A. J.,L,L,ATL,P
mortc002,Morton,Charlie,R,R,ATL,P
mullk001,Muller,Kyle,R,L,ATL,P
newcs001,Newcomb,Sean,L,L,ATL,P
odayd001,O'Day,Darren,R,R,ATL,P
odorj001,Odorizzi,Jake,R,R,ATL,P
olsom001,Olson,Matt,L,R,ATL,OF
ozunm001,Ozuna,Marcell,R,R,ATL,OF
pinam001,Pina,Manny,R,R,ATL,C
rilea001,Riley,Austin,R,R,ATL,3B
rosae001,Rosario,Eddie,L,R,ATL,OF
smitw002,Smith,Will,R,L,ATL,P
stepj002,Stephens,Jackson,R,R,ATL,P
stris002,Strider,Spencer,R,R,ATL,P
swand001,Swanson,Dansby,R,R,ATL,SS
tarnf001,Tarnok,Freddy,R,R,ATL,P
thort001,Thornburg,Tyler,R,R,ATL,P
tromc001,Tromp,Chadwick,R,R,ATL,C
woodw001,Woods,William,R,R,ATL,P
wrigk001,Wright,Kyle,R,R,ATL,P
yatek001,Yates,Kirby,L,R,ATL,P
ynoah001,Ynoa,Huascar,R,R,ATL,P
yound005,Young,Danny,L,L,ATL,P
aguij001,Aguilar,Jesus,R,R,BAL,1B
akink001,Akin,Keegan,L,L,BAL,P
allel002,Allen,Logan,R,L,BAL,P
arauj001,Arauz,Jonathan,B,R,BAL,SS
bakeb001,Baker,Bryan,R,R,BAL,P
bannr001,Bannon,Rylan,R,R,BAL,3B
baumm001,Baumann,Mike,R,R,BAL,P
bautf001,Bautista,Felix,R,R,BAL,P
bemba001,Bemboom,Anthony,L,R,BAL,C
bradk001,Bradish,Kyle,R,R,BAL,P
canoy001,Cano,Yennier,R,R,BAL,P
chirr001,Chirinos,Robinson,R,R,BAL,C
diazy003,Diaz,Yusniel,R,R,BAL,OF
diplm001,Diplan,Marcos,R,R,BAL,P
ellic001,Ellis,Chris,L,R,BAL,P
fry-p001,Fry,Paul,L,L,BAL,P
garcr006,Garcia,Rico,R,R,BAL,P
gilll001,Gillaspie,Logan,R,R,BAL,P
gutik001,Gutierrez,Kelvin,R,R,BAL,3B
halld004,Hall,DL,L,L,BAL,P
haysa001,Hays,Austin,R,R,BAL,OF
headl001,Head,Louis,R,R,BAL,P
hendg002,Henderson,Gunnar,L,R,BAL,SS
krehj001,Krehbiel,Joey,R,R,BAL,P
kremd001,Kremer,Dean,R,R,BAL,P
lakit001,Lakins,Travis,R,R,BAL,P
lopej004,Lopez,Jorge,R,R,BAL,P
lowtz001,Lowther,Zac,L,L,BAL,P
lylej001,Lyles,Jordan,R,R,BAL,P
manct001,Mancini,Trey,R,R,BAL,OF
martr006,Martin,Richie,R,R,BAL,SS
matej003,Mateo,Jorge,R,R,BAL,SS
mcker001,McKenna,Ryan,R,R,BAL,OF
meanj001,Means,John,L,L,BAL,P
mounr001,Mountcastle,Ryan,R,R,BAL,1B
mullc002,Mullins,Cedric,L,L,BAL,OF
nevit001,Nevin,Tyler,R,R,BAL,1B
odorr001,Odor,Rougned,L,R,BAL,2B
owinc001,Owings,Chris,R,R,BAL,2B
perec004,Perez,Cionel,R,L,BAL,P
philb002,Phillips,Brett,L,R,BAL,OF
reedj005,Reed,Jake,R,R,BAL,P
reyed002,Reyes,Denyi,R,R,BAL,P
rutsa001,Rutschman,Adley,B,R,BAL,C
santa003,Santander,Anthony,B,R,BAL,OF
sedlc001,Sedlock,Cody,R,R,BAL,P
stewd002,Stewart,DJ,L,R,BAL,OF
stowk001,Stowers,Kyle,L,L,BAL,OF
sulsb001,Sulser,Beau,R,R,BAL,P
tated001,Tate,Dillon,R,R,BAL,P
uriar001,Urias,Ramon,R,R,BAL,2B
vavrt001,Vavra,Terrin,L,R,BAL,2B
vespn001,Vespi,Nick,L,L,BAL,P
votha001,Voth,Austin,R,R,BAL,P
watks003,Watkins,Spenser,R,R,BAL,P
wella001,Wells,Alex,L,L,BAL,P
wellt003,Wells,Tyler,R,R,BAL,P
zimmb002,Zimmermann,Bruce,L,L,BAL,P
almoa001,Almonte,Abraham,B,R,BOS,OF
arauj001,Arauz,Jonathan,B,R,BOS,SS
arroc001,Arroyo,Christian,R,R,BOS,3B
barnm001,Barnes,Matt,R,R,BOS,P
bazae001,Bazardo,Eduard,R,R,BOS,P
bellb002,Bello,Brayan,R,R,BOS,P
bogax001,Bogaerts,Xander,R,R,BOS,SS
bradj001,Bradley,Jackie,L,R,BOS,OF
brasr001,Brasier,Ryan,R,R,BOS,P
casat001,Casas,Triston,L,R,BOS,1B
chany001,Chang,Yu,R,R,BOS,SS
cordf003,Cordero,Franchy,L,R,BOS,OF
crawk001,Crawford,Kutter,R,R,BOS,P
dalbb001,Dalbec,Bobby,R,R,BOS,1B
danit001,Danish,Tyler,R,R,BOS,P
davia003,Davis,Austin,L,L,BOS,P
davij008,Davis,Jaylin,R,R,BOS,OF
dever001,Devers,Rafael,L,R,BOS,3B
diekj001,Diekman,Jake,R,L,BOS,P
downj001,Downs,Jeter,R,R,BOS,SS
duraj001,Duran,Jarren,L,R,BOS,OF
eovan001,Eovaldi,Nathan,R,R,BOS,P
famij001,Familia,Jeurys,R,R,BOS,P
felim001,Feliz,Michael,R,R,BOS,P
germf002,German,Franklin,R,R,BOS,P
hernd004,Hernandez,Darwinzon,L,L,BOS,P
herne001,Hernandez,Enrique,R,R,BOS,OF
hillr001,Hill,Rich,L,L,BOS,P
hosme001,Hosmer,Eric,L,L,BOS,1B
houct001,Houck,Tanner,R,R,BOS,P
kellz001,Kelly,Zack,R,R,BOS,P
martj006,Martinez,J. D.,R,R,BOS,OF
mcgur002,McGuire,Reese,L,R,BOS,C
ort-k001,Ort,Kaleb,R,R,BOS,P
phamt001,Pham,Tommy,R,R,BOS,OF
piven001,Pivetta,Nick,R,R,BOS,P
plawk001,Plawecki,Kevin,R,R,BOS,C
refsr001,Refsnyder,Rob,R,R,BOS,2B
roblh001,Robles,Hansel,R,R,BOS,P
salec001,Sale,Chris,L,L,BOS,P
sancc001,Sanchez,Yolmer,B,R,BOS,2B
sawah001,Sawamura,Hirokazu,R,R,BOS,P
schrj001,Schreiber,John,R,R,BOS,P
seabc001,Seabold,Connor,R,R,BOS,P
shawt001,Shaw,Travis,L,R,BOS,1B
stort001,Story,Trevor,R,R,BOS,SS
stram001,Strahm,Matt,R,L,BOS,P
valdp002,Valdez,Phillips,R,R,BOS,P
vazqc001,Vazquez,Christian,R,R,BOS,C
verda001,Verdugo,Alex,L,L,BOS,OF
wachm001,Wacha,Michael,R,R,BOS,P
whitg002,Whitlock,Garrett,R,R,BOS,P
wincj001,Winckowski,Josh,R,R,BOS,P
wongc001,Wong,Connor,R,R,BOS,C
abrej003,Abreu,Jose,R,R,CHA,1B
andet001,Anderson,Tim,R,R,CHA,SS
andre001,Andrus,Elvis,R,R,CHA,SS
bankt001,Banks,Tanner,R,L,CHA,P
bumma001,Bummer,Aaron,L,L,CHA,P
burgj001,Burger,Jake,R,R,CHA,3B
burrr002,Burr,Ryan,R,R,CHA,P
ceasd001,Cease,Dylan,R,R,CHA,P
crick001,Crick,Kyle,L,R,CHA,P
cuetj001,Cueto,Johnny,R,R,CHA,P
diekj001,Diekman,Jake,R,L,CHA,P
engea001,Engel,Adam,R,R,CHA,OF
fostm001,Foster,Matt,R,R,CHA,P
garcl004,Garcia,Leury,B,R,CHA,OF
gioll001,Giolito,Lucas,R,R,CHA,P
gonzr003,Gonzalez,Romy,R,R,CHA,OF
grany001,Grandal,Yasmani,B,R,CHA,C
gravk001,Graveman,Kendall,R,R,CHA,P
harrj002,Harrison,Josh,R,R,CHA,2B
hasea001,Haseley,Adam,L,L,CHA,OF
hendl001,Hendriks,Liam,R,R,CHA,P
jimee001,Jimenez,Eloy,R,R,CHA,OF
kellj001,Kelly,Joe,R,R,CHA,P
keucd001,Keuchel,Dallas,L,L,CHA,P
kopem001,Kopech,Michael,R,R,CHA,P
lambj003,Lambert,Jimmy,R,R,CHA,P
loper003,Lopez,Reynaldo,R,R,CHA,P
lynnl001,Lynn,Lance,R,R,CHA,P
martd006,Martin,Davis,L,R,CHA,P
mcgur002,McGuire,Reese,L,R,CHA,C
mendd002,Mendick,Danny,R,R,CHA,SS
moncy001,Moncada,Yoan,B,R,CHA,3B
paytm001,Payton,Mark,L,L,CHA,OF
perec005,Perez,Carlos,R,R,CHA,C
polla001,Pollock,AJ,R,R,CHA,OF
robel002,Robert,Luis,R,R,CHA,OF
ruizj001,Ruiz,Jose,R,R,CHA,P
sevea002,Severino,Anderson,L,L,CHA,P
sheeg001,Sheets,Gavin,L,L,CHA,OF
sosal001,Sosa,Lenyn,R,R,CHA,SS
sousb001,Sousa,Bennett,L,L,CHA,P
vauga001,Vaughn,Andrew,R,R,CHA,1B
velav001,Velasquez,Vince,R,R,CHA,P
zavas001,Zavala,Seby,R,R,CHA,C
alzoa001,Alzolay,Adbert,R,R,CHN,P
assaj001,Assad,Javier,R,R,CHN,P
boted002,Bote,David,R,R,CHN,2B
braus002,Brault,Steven,L,L,CHN,P
castk002,Castro,Kervin,R,R,CHN,P
chavj001,Chavez,Jesse,R,R,CHN,P
contw001,Contreras,Willson,R,R,CHN,C
croon001,Crook,Narciso,R,R,CHN,OF
dermm001,Dermody,Matt,R,L,CHN,P
effrs001,Effross,Scott,R,R,CHN,P
espia002,Espinoza,Anderson,R,R,CHN,P
estrj002,Estrada,Jeremiah,B,R,CHN,P
farrl001,Farrell,Luke,L,R,CHN,P
frazc001,Frazier,Jackson,R,R,CHN,OF
givem001,Givens,Mychal,R,R,CHN,P
gomey001,Gomes,Yan,R,R,CHN,C
gselr001,Gsellman,Robert,R,R,CHN,P
happi001,Happ,Ian,B,R,CHN,2B
hendk001,Hendricks,Kyle,R,R,CHN,P
hermm001,Hermosillo,Michael,R,R,CHN,OF
heywj001,Heyward,Jason,L,L,CHN,OF
higgp001,Higgins,P. J.,R,R,CHN,C
hoern001,Hoerner,Nico,R,R,CHN,SS
hughb002,Hughes,Brandon,B,L,CHN,P
kilic001,Kilian,Caleb,R,R,CHN,P
leitm002,Leiter,Mark,R,R,CHN,P
littb002,Little,Brendon,L,L,CHN,P
madrn001,Madrigal,Nick,R,R,CHN,2B
martc007,Martin,Chris,R,R,CHN,P
mckiz001,McKinstry,Zach,L,R,CHN,2B
menec001,Menez,Conner,L,L,CHN,P
milew001,Miley,Wade,L,L,CHN,P
milla003,Mills,Alec,R,R,CHN,P
morec001,Morel,Christopher,R,R,CHN,3B
newcs001,Newcomb,Sean,L,L,CHN,P
norrd002,Norris,Daniel,L,L,CHN,P
orter001,Ortega,Rafael,L,R,CHN,OF
padin001,Padilla,Nicholas,R,R,CHN,P
quire001,Quiroz,Esteban,L,R,CHN,2B
reyef001,Reyes,Franmil,R,R,CHN,OF
rivaa001,Rivas,Alfonso,L,L,CHN,1B
robee001,Roberts,Ethan,R,R,CHN,P
robed002,Robertson,David,R,R,CHN,P
rodrm001,Rodriguez,Manuel,R,R,CHN,P
ruckm001,Rucker,Michael,R,R,CHN,P
sampa001,Sampson,Adrian,R,R,CHN,P
schwf001,Schwindel,Frank,R,R,CHN,1B
simma001,Simmons,Andrelton,R,R,CHN,SS
smyld001,Smyly,Drew,L,L,CHN,P
stjol001,St. John,Locke,L,L,CHN,P
steej002,Steele,Justin,L,L,CHN,P
stoue001,Stout,Eric,L,L,CHN,P
strom001,Stroman,Marcus,R,R,CHN,P
suzus001,Suzuki,Seiya,R,R,CHN,OF
swarm001,Swarmer,Matt,R,R,CHN,P
thomk002,Thompson,Keegan,R,R,CHN,P
uelme001,Uelmen,Erich,R,R,CHN,P
vargi001,Vargas,Ildemaro,B,R,CHN,2B
velan001,Velazquez,Nelson,R,R,CHN,OF
villj001,Villar,Jonathan,B,R,CHN,SS
wesnh001,Wesneski,Hayden,R,R,CHN,P
wickr001,Wick,Rowan,L,R,CHN,P
wisdp001,Wisdom,Patrick,R,R,CHN,3B
younj003,Young,Jared,L,R,CHN,1B
almoa002,Almora,Albert,R,R,CIN,OF
andec001,Anderson,Chase,R,R,CIN,P
aquia001,Aquino,Aristides,R,R,CIN,OF
ashcg001,Ashcraft,Graham,L,R,CIN,P
garcj007,Barrero,Jose,R,R,CIN,SS
castl003,Castillo,Luis,R,R,CIN,P
cessl001,Cessa,Luis,R,R,CIN,P
cruzf002,Cruz,Fernando,B,R,CIN,P
dawsr001,Dawson,Ronnie,L,R,CIN,OF
detwr001,Detwiler,Ross,R,L,CIN,P
diaza004,Diaz,Alexis,R,R,CIN,P
diehp001,Diehl,Phillip,L,L,CIN,P
dowdk001,Dowdy,Kyle,R,R,CIN,P
drurb001,Drury,Brandon,R,R,CIN,3B
duard001,Duarte,Daniel,R,R,CIN,P
duggr001,Dugger,Robert,R,R,CIN,P
dunnj002,Dunn,Justin,R,R,CIN,P
espir001,Espinal,Raynel,R,R,CIN,P
fairs001,Fairchild,Stuart,R,R,CIN,OF
farmb001,Farmer,Buck,L,R,CIN,P
farmk001,Farmer,Kyle,R,R,CIN,C
farrl001,Farrell,Luke,L,R,CIN,P
fralj001,Fraley,Jake,L,L,CIN,OF
friet001,Friedl,TJ,L,L,CIN,OF
garca006,Garcia,Aramis,R,R,CIN,C
gibai001,Gibaut,Ian,R,R,CIN,P
greeh001,Greene,Hunter,R,R,CIN,P
gutiv001,Gutierrez,Vladimir,R,R,CIN,P
hendr003,Hendrix,Ryan,R,R,CIN,P
hoffj003,Hoffman,Jeff,R,R,CIN,P
indij001,India,Jonathan,R,R,CIN,3B
kolom001,Kolozsvary,Mark,R,R,CIN,C
kuhnj001,Kuhnel,Joel,R,R,CIN,P
law-d001,Law,Derek,R,R,CIN,P
lodon001,Lodolo,Nick,L,L,CIN,P
lopea005,Lopez,Alejo,B,R,CIN,2B
mahlt001,Mahle,Tyler,R,R,CIN,P
minom001,Minor,Mike,R,L,CIN,P
morac001,Moran,Colin,L,R,CIN,3B
mored002,Moreta,Dauri,R,R,CIN,P
mottt001,Motter,Taylor,R,R,CIN,OF
mousm001,Moustakas,Mike,L,R,CIN,3B
naqut001,Naquin,Tyler,L,R,CIN,OF
okeyc001,Okey,Chris,R,R,CIN,C
overc001,Overton,Connor,L,R,CIN,P
papim001,Papierski,Michael,B,R,CIN,C
phamt001,Pham,Tommy,R,R,CIN,OF
reynm003,Reynolds,Matt,R,R,CIN,SS
riddj001,Riddle,JT,L,R,CIN,SS
robic003,Robinson,Chuckie,R,R,CIN,C
romia002,Romine,Austin,R,R,CIN,C
sanmr001,Sanmartin,Reiver,L,L,CIN,P
santt001,Santillan,Tony,R,R,CIN,P
schrm001,Schrock,Max,L,R,CIN,2B
senzn001,Senzel,Nick,R,R,CIN,OF
sianm001,Siani,Mike,L,L,CIN,OF
simsl001,Sims,Lucas,R,R,CIN,P
solad001,Solano,Donovan,R,R,CIN,2B
soloj001,Solomon,Jared,R,R,CIN,P
stees001,Steer,Spencer,R,R,CIN,1B
stept001,Stephenson,Tyler,R,R,CIN,C
strih001,Strickland,Hunter,R,R,CIN,P
vottj001,Votto,Joey,L,R,CIN,1B
warra002,Warren,Art,R,R,CIN,P
wilsj004,Wilson,Justin,L,L,CIN,P
zeuct001,Zeuch,T. J.,R,R,CIN,P
allel002,Allen,Logan,R,L,CLE,P
ariag002,Arias,Gabriel,R,R,CLE,SS
bensw001,Benson,Will,L,L,CLE,OF
biebs001,Bieber,Shane,R,R,CLE,P
bradb002,Bradley,Bobby,L,R,CLE,1B
brenw002,Brennan,Will,L,L,CLE,OF
calla002,Call,Alex,R,R,CLE,OF
casta005,Castro,Anthony,R,R,CLE,P
chany001,Chang,Yu,R,R,CLE,SS
civaa001,Civale,Aaron,R,R,CLE,P
clase001,Clase,Emmanuel,R,R,CLE,P
cleme002,Clement,Ernie,R,R,CLE,2B
currx001,Curry,Xzavion,R,R,CLE,P
deloe001,De Los Santos,Enyel,R,R,CLE,P
freet001,Freeman,Tyler,R,R,CLE,SS
gaddh001,Gaddis,Hunter,R,R,CLE,P
gibai001,Gibaut,Ian,R,R,CLE,P
gimea001,Gimenez,Andres,L,R,CLE,SS
gonzo001,Gonzalez,Oscar,R,R,CLE,OF
gosea001,Gose,Anthony,L,L,CLE,OF
hedga001,Hedges,Austin,R,R,CLE,C
hents001,Hentges,Sam,L,L,CLE,P
jonen002,Jones,Nolan,L,R,CLE,OF
karij001,Karinchak,James,R,R,CLE,P
kwans001,Kwan,Steven,L,L,CLE,OF
lavab001,Lavastida,Bryan,R,R,CLE,C
leons001,Leon,Sandy,B,R,CLE,C
maill001,Maile,Luke,R,R,CLE,C
mccak003,McCarty,Kirk,L,L,CLE,P
mcket001,McKenzie,Triston,R,R,CLE,P
merco003,Mercado,Oscar,R,R,CLE,OF
millo002,Miller,Owen,R,R,CLE,SS
morge001,Morgan,Eli,R,R,CLE,P
morrc001,Morris,Cody,R,R,CLE,P
naylb001,Naylor,Bo,L,R,CLE,C
naylj001,Naylor,Josh,L,L,CLE,OF
palar002,Palacios,Richie,L,R,CLE,2B
pilkk001,Pilkington,Konnor,L,L,CLE,P
plesz001,Plesac,Zach,R,R,CLE,P
quanc001,Quantrill,Cal,L,R,CLE,P
ramij003,Ramirez,Jose,B,R,CLE,SS
ramiy002,Ramirez,Yohan,R,R,CLE,P
reyef001,Reyes,Franmil,R,R,CLE,OF
rosaa003,Rosario,Amed,R,R,CLE,SS
sandn001,Sandlin,Nick,R,R,CLE,P
shawb001,Shaw,Bryan,B,R,CLE,P
stept002,Stephan,Trevor,R,R,CLE,P
stram002,Straw,Myles,R,R,CLE,OF
tullt001,Tully,Tanner,L,L,CLE,P
youna002,Young,Alex,L,L,CLE,P
bardd001,Bard,Daniel,R,R,COL,P
bernw001,Bernard,Wynton,R,R,COL,OF
birdj001,Bird,Jake,R,R,COL,P
blact002,Blach,Ty,R,L,COL,P
blacc001,Blackmon,Charlie,L,L,COL,OF
boucs001,Bouchard,Sean,R,R,COL,1B
bryak001,Bryant,Kris,R,R,COL,3B
chacj001,Chacin,Jhoulys,R,R,COL,P
coloa001,Colome,Alex,R,R,COL,P
cronc002,Cron,C. J.,R,R,COL,1B
davin001,Davis,Noah,R,R,COL,P
dazay001,Daza,Yonathan,R,R,COL,OF
diaze005,Diaz,Elias,R,R,COL,C
estec001,Estevez,Carlos,R,R,COL,P
feltr001,Feltner,Ryan,R,R,COL,P
freek001,Freeland,Kyle,L,L,COL,P
gilbl001,Gilbreath,Lucas,L,L,COL,P
gomba001,Gomber,Austin,L,L,COL,P
gouda001,Goudeau,Ashton,R,R,COL,P
gricr001,Grichuk,Randal,R,R,COL,OF
hampg001,Hampson,Garrett,R,R,COL,SS
hills005,Hilliard,Sam,L,L,COL,OF
hollg002,Hollowell,Gavin,R,R,COL,P
iglej001,Iglesias,Jose,R,R,COL,SS
joe-c001,Joe,Connor,R,R,COL,3B
kinlt001,Kinley,Tyler,R,R,COL,P
kuhlc001,Kuhl,Chad,R,R,COL,P
lamed001,Lamet,Dinelson,R,R,COL,P
lawrj002,Lawrence,Justin,R,R,COL,P
marqg001,Marquez,German,R,R,COL,P
mcmar001,McMahon,Ryan,L,R,COL,3B
monte001,Montero,Elehuris,R,R,COL,1B
nuned001,Nunez,Dom,L,R,COL,C
rodgb002,Rodgers,Brendan,R,R,COL,SS
senza001,Senzatela,Antonio,R,R,COL,P
servb001,Serven,Brian,R,R,COL,C
shefj002,Sheffield,Jordan,R,R,COL,P
smitc007,Smith,Chad,R,R,COL,P
stepr002,Stephenson,Robert,R,R,COL,P
toglm001,Toglia,Michael,B,L,COL,1B
tovae001,Tovar,Ezequiel,R,R,COL,SS
treja001,Trejo,Alan,R,R,COL,SS
urenj001,Urena,Jose,R,R,COL,P
alext001,Alexander,Tyler,R,L,DET,P
badda001,Baddoo,Akil,L,L,DET,OF
baezj001,Baez,Javier,R,R,DET,SS
barnj002,Barnes,Jacob,R,R,DET,P
barnt001,Barnhart,Tucker,B,R,DET,C
brieb001,Brieske,Beau,R,R,DET,P
cabrm001,Cabrera,Miguel,R,R,DET,1B
camed001,Cameron,Daz,R,R,DET,OF
candj002,Candelario,Jeimer,B,R,DET,3B
carld003,Carlton,Drew,R,R,DET,P
carpk001,Carpenter,Kerry,L,R,DET,OF
castl004,Castillo,Luis,R,R,DET,P
casth001,Castro,Harold,L,R,DET,3B
castw003,Castro,Willi,B,R,DET,SS
chafa001,Chafin,Andrew,R,L,DET,P
cisnj001,Cisnero,Jose,R,R,DET,P
clemk001,Clemens,Kody,L,R,DET,2B
davib006,Davis,Brendon,R,R,DET,3B
dejea001,De Jesus,Angel,R,R,DET,P
diazm004,Diaz,Miguel,R,R,DET,P
faeda001,Faedo,Alex,R,R,DET,P
folej001,Foley,Jason,R,R,DET,P
fulmm001,Fulmer,Michael,R,R,DET,P
garcb001,Garcia,Bryan,R,R,DET,P
garcr007,Garcia,Rony,R,R,DET,P
garnd001,Garneau,Dustin,R,R,DET,C
greer003,Greene,Riley,L,L,DET,OF
grosr001,Grossman,Robbie,B,L,DET,OF
haase001,Haase,Eric,R,R,DET,C
hilld002,Hill,Derek,R,R,DET,OF
hillg002,Hill,Garrett,R,R,DET,P
hutcd001,Hutchison,Drew,L,R,DET,P
jimej003,Jimenez,Joe,R,R,DET,P
kreir001,Kreidler,Ryan,R,R,DET,3B
langa001,Lange,Alex,R,R,DET,P
law-d001,Law,Derek,R,R,DET,P
lestj002,Lester,Josh,L,R,DET,3B
mannm001,Manning,Matt,R,R,DET,P
meada001,Meadows,Austin,L,L,DET,OF
mizec001,Mize,Casey,R,R,DET,P
norrd002,Norris,Daniel,L,L,DET,P
peraw001,Peralta,Wily,R,R,DET,P
pinem001,Pineda,Michael,R,R,DET,P
reyev001,Reyes,Victor,B,R,DET,OF
rodre004,Rodriguez,Eduardo,L,L,DET,P
rodre005,Rodriguez,Elvin,R,R,DET,P
schoj001,Schoop,Jonathan,R,R,DET,2B
shorz001,Short,Zack,R,R,DET,SS
skubt001,Skubal,Tarik,R,L,DET,P
sotog003,Soto,Gregory,L,L,DET,P
torks001,Torkelson,Spencer,R,R,DET,3B
vestw001,Vest,Will,R,R,DET,P
wentj001,Wentz,Joey,L,L,DET,P
abreb002,Abreu,Bryan,R,R,HOU,P
altuj001,Altuve,Jose,R,R,HOU,2B
alvay001,Alvarez,Yordan,L,R,HOU,1B
baezp001,Baez,Pedro,R,R,HOU,P
bielb001,Bielak,Brandon,L,R,HOU,P
blanr001,Blanco,Ronel,R,R,HOU,P
branm003,Brantley,Michael,L,L,HOU,OF
brega001,Bregman,Alex,R,R,HOU,SS
browh001,Brown,Hunter,R,R,HOU,P
castj006,Castro,Jason,L,R,HOU,C
diaza003,Diaz,Aledmys,R,R,HOU,SS
diazy004,Diaz,Yainer,R,R,HOU,C
dubom001,Dubon,Mauricio,R,R,HOU,SS
garcl007,Garcia,Luis,R,R,HOU,P
goodn002,Goodrum,Niko,B,R,HOU,OF
gurry001,Gurriel,Yuli,R,R,HOU,3B
hensd002,Hensley,David,R,R,HOU,2B
javic001,Javier,Cristian,R,R,HOU,P
jonet005,Jones,Taylor,R,R,HOU,1B
lee-k002,Lee,Korey,R,R,HOU,C
maldm001,Maldonado,Martin,R,R,HOU,C
manct001,Mancini,Trey,R,R,HOU,OF
marts003,Martinez,Seth,R,R,HOU,P
matij001,Matijevic,J. J.,L,R,HOU,1B
matop002,Maton,Phil,R,R,HOU,P
mccoc001,McCormick,Chas,R,L,HOU,OF
mccul002,McCullers,Lance,L,R,HOU,P
meyej002,Meyers,Jake,R,L,HOU,OF
montr004,Montero,Rafael,R,R,HOU,P
mushp001,Mushinski,Parker,L,L,HOU,P
nerih001,Neris,Hector,R,R,HOU,P
odorj001,Odorizzi,Jake,R,R,HOU,P
paree003,Paredes,Enoli,R,R,HOU,P
penaj004,Pena,Jeremy,R,R,HOU,SS
perej003,Perez,Joe,R,R,HOU,3B
presr001,Pressly,Ryan,R,R,HOU,P
sirij001,Siri,Jose,R,R,HOU,OF
smitw002,Smith,Will,R,L,HOU,P
stanr002,Stanek,Ryne,R,R,HOU,P
taylb004,Taylor,Blake,L,L,HOU,P
tuckk001,Tucker,Kyle,L,R,HOU,OF
urquj001,Urquidy,Jose,R,R,HOU,P
valdf001,Valdez,Framber,R,L,HOU,P
vazqc001,Vazquez,Christian,R,R,HOU,C
verlj001,Verlander,Justin,R,R,HOU,P
abrea001,Abreu,Albert,R,R,KCA,P
barls001,Barlow,Scott,R,R,KCA,P
benia002,Benintendi,Andrew,L,L,KCA,OF
bland001,Blanco,Dairon,R,R,KCA,OF
bolar001,Bolanos,Ronald,R,R,KCA,P
brenj001,Brentz,Jake,L,L,KCA,P
bubik001,Bubic,Kris,L,L,KCA,P
castm003,Castillo,Max,R,R,KCA,P
clart003,Clarke,Taylor,R,R,KCA,P
coled003,Coleman,Dylan,R,R,KCA,P
cuasj001,Cuas,Jose,R,R,KCA,P
dozih001,Dozier,Hunter,R,R,KCA,OF
eaton001,Eaton,Nate,R,R,KCA,OF
fermf002,Fermin,Freddy,R,R,KCA,C
gallc001,Gallagher,Cam,R,R,KCA,C
garcm003,Garcia,Maikel,R,R,KCA,SS
garra001,Garrett,Amir,R,L,KCA,P
greiz001,Greinke,Zack,R,R,KCA,P
griff001,Griffin,Foster,R,L,KCA,P
heasj001,Heasley,Jonathan,R,R,KCA,P
hernc006,Hernandez,Carlos,R,R,KCA,P
hickb003,Hicklen,Brewer,R,R,KCA,OF
isbek001,Isbel,Kyle,L,R,KCA,OF
kellb003,Keller,Brad,R,R,KCA,P
kowaj001,Kowar,Jackson,R,R,KCA,P
lopen001,Lopez,Nicky,L,R,KCA,SS
lyncd001,Lynch,Daniel,L,L,KCA,P
massm001,Massey,Michael,L,R,KCA,2B
melem001,Melendez,MJ,L,R,KCA,C
mengd001,Mengden,Daniel,R,R,KCA,P
merrw001,Merrifield,Whit,R,R,KCA,OF
millw002,Mills,Wyatt,R,R,KCA,P
misia001,Misiewicz,Anthony,R,L,KCA,P
mondr003,Mondesi,Adalberto,B,R,KCA,SS
ohear001,O'Hearn,Ryan,L,L,KCA,1B
olive001,Olivares,Edward,R,R,KCA,OF
pasqv001,Pasquantino,Vinnie,L,L,KCA,1B
payaj001,Payamps,Joel,R,R,KCA,P
peacm001,Peacock,Matt,R,R,KCA,P
peres002,Perez,Salvador,R,R,KCA,C
pratn001,Pratto,Nick,L,L,KCA,1B
rivee001,Rivera,Emmanuel,R,R,KCA,3B
rives002,Rivero,Sebastian,R,R,KCA,C
rookb001,Rooker,Brent,R,R,KCA,OF
santc002,Santana,Carlos,B,R,KCA,1B
singb001,Singer,Brady,R,R,KCA,P
snidc001,Snider,Collin,R,R,KCA,P
speig001,Speier,Gabe,L,L,KCA,P
stauj001,Staumont,Josh,R,R,KCA,P
taylm002,Taylor,Michael,R,R,KCA,OF
vizca001,Vizcaino,Arodys,R,R,KCA,P
wated001,Waters,Drew,B,R,KCA,OF
weavl001,Weaver,Luke,R,R,KCA,P
wittb002,Witt,Bobby,R,R,KCA,SS
zerpa001,Zerpa,Angel,L,L,KCA,P
alcaj001,Alcala,Jorge,R,R,MIN,P
archc001,Archer,Chris,R,R,MIN,P
arral001,Arraez,Luis,L,R,MIN,2B
beckt001,Beckham,Tim,R,R,MIN,2B
bundd001,Bundy,Dylan,B,R,MIN,P
buxtb001,Buxton,Byron,R,R,MIN,OF
canoy001,Cano,Yennier,R,R,MIN,P
cavej001,Cave,Jake,L,L,MIN,OF
celeg001,Celestino,Gilberto,R,L,MIN,OF
contm001,Contreras,Mark,L,R,MIN,OF
corrc001,Correa,Carlos,R,R,MIN,SS
cottj001,Cotton,Jharel,R,R,MIN,P
could001,Coulombe,Danny,L,L,MIN,P
davia003,Davis,Austin,L,L,MIN,P
dufft001,Duffey,Tyler,R,R,MIN,P
duraj002,Duran,Jhoan,R,R,MIN,P
fulmm001,Fulmer,Michael,R,R,MIN,P
garlk001,Garlick,Kyle,R,R,MIN,OF
godoj001,Godoy,Jose,L,R,MIN,C
gonzc002,Gonzalez,Chi Chi,R,R,MIN,P
gordn001,Gordon,Nick,L,R,MIN,2B
grays001,Gray,Sonny,R,R,MIN,P
hamib001,Hamilton,Billy,R,R,MIN,OF
hamic001,Hamilton,Caleb,R,R,MIN,C
hamii001,Hamilton,Ian,R,R,MIN,P
henrr001,Henriquez,Ronny,R,R,MIN,P
jax-g001,Jax,Griffin,R,R,MIN,P
jeffr002,Jeffers,Ryan,R,R,MIN,C
keplm001,Kepler,Max,L,L,MIN,OF
kiria001,Kirilloff,Alex,L,L,MIN,OF
larnt001,Larnach,Trevor,L,R,MIN,OF
leons001,Leon,Sandy,B,R,MIN,C
lewir003,Lewis,Royce,R,R,MIN,SS
lopej004,Lopez,Jorge,R,R,MIN,P
mahlt001,Mahle,Tyler,R,R,MIN,P
megit001,Megill,Trevor,L,R,MIN,P
minaj001,Minaya,Juan,R,R,MIN,P
miraj002,Miranda,Jose,R,R,MIN,2B
moraj003,Moran,Jovani,L,L,MIN,P
oberb002,Ober,Bailey,R,R,MIN,P
paddc001,Paddack,Chris,R,R,MIN,P
pagae001,Pagan,Emilio,L,R,MIN,P
palaj002,Palacios,Jermaine,R,R,MIN,SS
polaj001,Polanco,Jorge,B,R,MIN,SS
rodrd001,Rodriguez,Dereck,R,R,MIN,P
romej003,Romero,Jhon,R,R,MIN,P
ryanj002,Ryan,Joe,R,R,MIN,P
sanca006,Sanchez,Aaron,R,R,MIN,P
sancg002,Sanchez,Gary,R,R,MIN,C
sandc001,Sands,Cole,R,R,MIN,P
sanom001,Sano,Miguel,R,R,MIN,1B
smeld001,Smeltzer,Devin,R,L,MIN,P
smitj002,Smith,Joe,R,R,MIN,P
stasc001,Stashak,Cody,R,R,MIN,P
thiec001,Thielbar,Caleb,R,L,MIN,P
thort001,Thornburg,Tyler,R,R,MIN,P
urshg001,Urshela,Gio,R,R,MIN,3B
varll001,Varland,Louie,L,R,MIN,P
wallm001,Wallner,Matt,L,R,MIN,OF
windj002,Winder,Josh,R,R,MIN,P
woods002,Woods Richardson,Simeon,R,R,MIN,P
albeh001,Alberto,Hanser,R,R,LAN,2B
almoy001,Almonte,Yency,R,R,LAN,P
alvae001,Alvarez,Eddy,L,R,LAN,SS
andet002,Anderson,Tyler,L,L,LAN,P
barna001,Barnes,Austin,R,R,LAN,C
bellc002,Bellinger,Cody,L,L,LAN,1B
bettm001,Betts,Mookie,R,R,LAN,OF
bickp001,Bickford,Phil,R,R,LAN,P
bruij001,Bruihl,Justin,L,L,LAN,P
buehw001,Buehler,Walker,R,R,LAN,P
cleag001,Cleavinger,Garrett,R,L,LAN,P
erlir001,Erlin,Robbie,R,L,LAN,P
fergc001,Ferguson,Caleb,R,L,LAN,P
freef001,Freeman,Freddie,L,R,LAN,1B
gallj002,Gallo,Joey,L,R,LAN,OF
gonst001,Gonsolin,Tony,R,R,LAN,P
gratb002,Graterol,Brusdar,R,R,LAN,P
grees005,Greene,Shane,R,R,LAN,P
grovm001,Grove,Michael,R,R,LAN,P
heana001,Heaney,Andrew,L,L,LAN,P
hembh001,Hembree,Heath,R,R,LAN,P
hudsd001,Hudson,Daniel,R,R,LAN,P
jacka003,Jackson,Andre,R,R,LAN,P
kahnt001,Kahnle,Tommy,R,R,LAN,P
kersc001,Kershaw,Clayton,L,L,LAN,P
kimbc001,Kimbrel,Craig,R,R,LAN,P
lambj001,Lamb,Jake,L,R,LAN,3B
lux-g001,Lux,Gavin,L,R,LAN,2B
martc007,Martin,Chris,R,R,LAN,P
may-d003,May,Dustin,R,R,LAN,P
mckiz001,McKinstry,Zach,L,R,LAN,2B
moror001,Moronta,Reyes,R,R,LAN,P
muncm001,Muncy,Max,L,R,LAN,1B
outmj002,Outman,James,L,R,LAN,OF
pepir001,Pepiot,Ryan,R,R,LAN,P
phile001,Phillips,Evan,R,R,LAN,P
pillk001,Pillar,Kevin,R,R,LAN,OF
pricd001,Price,David,L,L,LAN,P
reedj005,Reed,Jake,R,R,LAN,P
riose001,Rios,Edwin,L,R,LAN,3B
smitw003,Smith,Will,R,R,LAN,C
taylc001,Taylor,Chris,R,R,LAN,SS
thomt002,Thompson,Trayce,R,R,LAN,OF
treib001,Treinen,Blake,R,R,LAN,P
turnj001,Turner,Justin,R,R,LAN,3B
turnt001,Turner,Trea,R,R,LAN,SS
uriaj001,Urias,Julio,L,L,LAN,P
vargm001,Vargas,Miguel,R,R,LAN,3B
vesia001,Vesia,Alex,L,L,LAN,P
whitm004,White,Mitch,R,R,LAN,P
woltt001,Wolters,Tony,L,R,LAN,C
aguij001,Aguilar,Jesus,R,R,MIA,1B
alcas001,Alcantara,Sandy,R,R,MIA,P
andeb006,Anderson,Brian,R,R,MIA,3B
armss001,Armstrong,Shawn,R,R,MIA,P
astuw001,Astudillo,Willians,R,R,MIA,C
bassa001,Bass,Anthony,R,R,MIA,P
benda001,Bender,Anthony,R,R,MIA,P
bertj001,Berti,Jon,R,R,MIA,3B
bledj001,Bleday,JJ,L,L,MIA,OF
bleir001,Bleier,Richard,L,L,MIA,P
brazh001,Brazoban,Huascar,R,R,MIA,P
brigj002,Brigham,Jeff,R,R,MIA,P
burdp001,Burdick,Peyton,R,R,MIA,OF
cabre003,Cabrera,Edward,R,R,MIA,P
castd003,Castano,Daniel,L,L,MIA,P
chisj001,Chisholm,Jazz,L,R,MIA,SS
coopg002,Cooper,Garrett,R,R,MIA,1B
delab001,De La Cruz,Bryan,R,R,MIA,OF
diazl001,Diaz,Lewin,L,L,MIA,1B
dunaj001,Dunand,Joe,R,R,MIA,3B
encaj002,Encarnacion,Jerar,R,R,MIA,OF
fishj002,Fishman,Jake,L,L,MIA,P
flord002,Floro,Dylan,L,R,MIA,P
fortn001,Fortes,Nick,R,R,MIA,C
garca003,Garcia,Avisail,R,R,MIA,OF
garrb001,Garrett,Braxton,R,L,MIA,P
gonze004,Gonzalez,Erik,R,R,MIA,SS
grosj001,Groshans,Jordan,R,R,MIA,SS
hamib001,Hamilton,Billy,R,R,MIA,OF
headl001,Head,Louis,R,R,MIA,P
henrp001,Henry,Payton,R,R,MIA,C
herne002,Hernandez,Elieser,R,R,MIA,P
hoeib001,Hoeing,Bryan,R,R,MIA,P
hollj002,Holloway,Jordan,R,R,MIA,P
ladwa001,Ladwig,A. J.,R,R,MIA,P
leblc001,Leblanc,Charles,R,R,MIA,SS
lopep002,Lopez,Pablo,L,R,MIA,P
luzaj001,Luzardo,Jesus,L,L,MIA,P
meyem001,Meyer,Max,L,R,MIA,P
nanct001,Nance,Tommy,R,R,MIA,P
narda001,Nardi,Andrew,L,L,MIA,P
neidn001,Neidert,Nick,R,R,MIA,P
okers001,Okert,Steven,L,L,MIA,P
pop-z001,Pop,Zach,R,R,MIA,P
potec001,Poteet,Cody,R,R,MIA,P
roget003,Rogers,Trevor,L,L,MIA,P
rojam002,Rojas,Miguel,R,R,MIA,SS
sancj003,Sanchez,Jesus,L,R,MIA,OF
scott003,Scott,Tanner,R,L,MIA,P
solej001,Soler,Jorge,R,R,MIA,OF
stalj001,Stallings,Jacob,R,R,MIA,C
sulsc001,Sulser,Cole,R,R,MIA,P
wendj002,Wendle,Joey,L,R,MIA,2B
willl001,Williams,Luke,R,R,MIA,3B
yacaj001,Yacabonis,Jimmy,R,R,MIA,P
zabaa001,Zabala,Aneurys,R,R,MIA,P
adamw002,Adames,Willy,R,R,MIL,SS
alexj001,Alexander,Jason,R,R,MIL,P
ashba003,Ashby,Aaron,R,L,MIL,P
barkl002,Barker,Luke,R,R,MIL,P
boxbb001,Boxberger,Brad,R,R,MIL,P
brosm001,Brosseau,Mike,R,R,MIL,3B
burnc002,Burnes,Corbin,R,R,MIL,P
bushm001,Bush,Matt,R,R,MIL,P
cainl001,Cain,Lorenzo,R,R,MIL,OF
carav001,Caratini,Victor,B,R,MIL,C
cousj001,Cousins,Jake,R,R,MIL,P
davij007,Davis,Jonathan,R,R,MIL,OF
felim002,Feliciano,Mario,R,R,MIL,C
gonzc002,Gonzalez,Chi Chi,R,R,MIL,P
gottt001,Gott,Trevor,R,R,MIL,P
gustj001,Gustave,Jandel,R,R,MIL,P
hadej001,Hader,Josh,L,L,MIL,P
hiurk001,Hiura,Keston,R,R,MIL,2B
housa001,Houser,Adrian,R,R,MIL,P
jacka002,Jackson,Alex,R,R,MIL,C
kellt002,Kelley,Trevor,R,R,MIL,P
lauee001,Lauer,Eric,R,L,MIL,P
mathm002,Mathias,Mark,R,R,MIL,2B
mccua001,McCutchen,Andrew,R,R,MIL,OF
mcgej001,McGee,Jake,L,L,MIL,P
mejij002,Mejia,J. C.,R,R,MIL,P
milnh001,Milner,Hoby,L,L,MIL,P
mitcg001,Mitchell,Garrett,L,R,MIL,OF
narvo001,Narvaez,Omar,L,R,MIL,C
peraf001,Peralta,Freddy,R,R,MIL,P
perdl002,Perdomo,Luis,R,R,MIL,P
petej002,Peterson,Jace,L,R,MIL,2B
renfh001,Renfroe,Hunter,R,R,MIL,OF
reyep001,Reyes,Pablo,R,R,MIL,OF
roget001,Rogers,Taylor,L,L,MIL,P
ruize001,Ruiz,Esteury,R,R,MIL,OF
sadzc001,Sadzeck,Connor,R,R,MIL,P
sancm001,Sanchez,Miguel,R,R,MIL,P
sevep001,Severino,Pedro,R,R,MIL,C
smale001,Small,Ethan,L,L,MIL,P
strzp001,Strzelecki,Peter,R,R,MIL,P
suteb001,Suter,Brent,L,L,MIL,P
taylt002,Taylor,Tyrone,R,R,MIL,OF
tellr001,Tellez,Rowdy,L,L,MIL,1B
topaj001,Topa,Justin,R,R,MIL,P
urenj001,Urena,Jose,R,R,MIL,P
urial001,Urias,Luis,R,R,MIL,2B
willd004,Williams,Devin,R,R,MIL,P
wongk001,Wong,Kolten,L,R,MIL,2B
woodb005,Woodruff,Brandon,L,R,MIL,P
yelic001,Yelich,Christian,L,R,MIL,OF
abrea001,Abreu,Albert,R,R,NYA,P
andum001,Andujar,Miguel,R,R,NYA,3B
badeh001,Bader,Harrison,R,R,NYA,OF
banda001,Banda,Anthony,L,L,NYA,P
banum001,Banuelos,Manny,R,L,NYA,P
bardl001,Bard,Luke,R,R,NYA,P
barnj002,Barnes,Jacob,R,R,NYA,P
benia002,Benintendi,Andrew,L,L,NYA,OF
branr002,Brantly,Rob,L,R,NYA,C
britz001,Britton,Zack,L,L,NYA,P
cabro002,Cabrera,Oswaldo,B,R,NYA,SS
carpm002,Carpenter,Matt,L,R,NYA,3B
castm002,Castro,Miguel,R,R,NYA,P
chapa001,Chapman,Aroldis,L,L,NYA,P
coleg001,Cole,Gerrit,R,R,NYA,P
cortn001,Cortes,Nestor,R,L,NYA,P
donaj001,Donaldson,Josh,R,R,NYA,3B
effrs001,Effross,Scott,R,R,NYA,P
flore001,Florial,Estevan,L,R,NYA,OF
gallj002,Gallo,Joey,L,R,NYA,OF
germd001,German,Domingo,R,R,NYA,P
gil-l001,Gil,Luis,R,R,NYA,P
gonzc002,Gonzalez,Chi Chi,R,R,NYA,P
gonzm002,Gonzalez,Marwin,B,R,NYA,1B
greec003,Green,Chad,L,R,NYA,P
grees005,Greene,Shane,R,R,NYA,P
guzmr001,Guzman,Ronald,L,L,NYA,1B
hicka001,Hicks,Aaron,B,R,NYA,OF
higak001,Higashioka,Kyle,R,R,NYA,C
holmc001,Holmes,Clay,R,R,NYA,P
judga001,Judge,Aaron,R,R,NYA,OF
kinei001,Kiner-Falefa,Isiah,R,R,NYA,3B
kingm002,King,Michael,R,R,NYA,P
lemad001,LeMahieu,DJ,R,R,NYA,2B
loaij001,Loaisiga,Jonathan,R,R,NYA,P
locat001,Locastro,Tim,R,R,NYA,2B
luetl001,Luetge,Lucas,L,L,NYA,P
marir001,Marinaccio,Ron,R,R,NYA,P
mckad001,McKay,David,R,R,NYA,P
montf001,Montas,Frankie,R,R,NYA,P
montj004,Montgomery,Jordan,L,L,NYA,P
peraw002,Peralta,Wandy,L,L,NYA,P
perao002,Peraza,Oswald,R,R,NYA,SS
rizza001,Rizzo,Anthony,L,L,NYA,1B
schmc002,Schmidt,Clarke,R,R,NYA,P
searj001,Sears,JP,R,L,NYA,P
sevel001,Severino,Luis,R,R,NYA,P
stanm004,Stanton,Giancarlo,R,R,NYA,OF
tailj001,Taillon,Jameson,R,R,NYA,P
torrg001,Torres,Gleyber,R,R,NYA,2B
trevj001,Trevino,Jose,R,R,NYA,C
trivl001,Trivino,Lou,R,R,NYA,P
weber001,Weber,Ryan,R,R,NYA,P
weisg001,Weissert,Greg,R,R,NYA,P
alonp001,Alonso,Pete,R,R,NYN,1B
alvaf001,Alvarez,Francisco,R,R,NYN,C
alvar001,Alvarez,R. J.,R,R,NYN,P
bassc001,Bassitt,Chris,R,R,NYN,P
batyb001,Baty,Brett,L,R,NYN,3B
blant002,Blankenhorn,Travis,L,R,NYN,2B
buttj001,Butto,Jose,R,R,NYN,P
canhm001,Canha,Mark,R,R,NYN,1B
canor001,Cano,Robinson,L,R,NYN,2B
carrc003,Carrasco,Carlos,R,R,NYN,P
claua001,Claudio,Alex,L,L,NYN,P
clays001,Clay,Sam,L,L,NYN,P
davij006,Davis,J. D.,R,R,NYN,3B
diaze006,Diaz,Edwin,R,R,NYN,P
escoe001,Escobar,Eduardo,B,R,NYN,3B
fishn001,Fisher,Nate,L,L,NYN,P
givem001,Givens,Mychal,R,R,NYN,P
goret001,Gore,Terrance,R,R,NYN,OF
guill001,Guillorme,Luis,L,R,NYN,SS
holdc001,Holderman,Colin,R,R,NYN,P
huntt002,Hunter,Tommy,R,R,NYN,P
incie001,Inciarte,Ender,L,L,NYN,OF
jankt001,Jankowski,Travis,L,R,NYN,OF
lee-k001,Lee,Khalil,L,L,NYN,OF
lindf001,Lindor,Francisco,B,R,NYN,SS
lopey001,Lopez,Yoan,R,R,NYN,P
lugos001,Lugo,Seth,R,R,NYN,P
marrd001,Marrero,Deven,R,R,NYN,3B
marts002,Marte,Starling,R,R,NYN,OF
may-t001,May,Trevor,R,R,NYN,P
mazep001,Mazeika,Patrick,L,R,NYN,C
mccaj001,McCann,James,R,R,NYN,C
mcnej002,McNeil,Jeff,L,R,NYN,2B
media001,Medina,Adonis,R,R,NYN,P
megit002,Megill,Tylor,R,R,NYN,P
montb001,Montes de Oca,Bryce,R,R,NYN,P
naqut001,Naquin,Tyler,L,R,NYN,OF
nidot001,Nido,Tomas,R,R,NYN,C
nimmb001,Nimmo,Brandon,L,R,NYN,OF
nogos001,Nogosek,Stephen,R,R,NYN,P
ottaa001,Ottavino,Adam,B,R,NYN,P
perem005,Perez,Michael,L,R,NYN,C
peted003,Peterson,David,L,L,NYN,P
plumn001,Plummer,Nick,L,L,NYN,OF
reedj005,Reed,Jake,R,R,NYN,P
reids001,Reid-Foley,Sean,R,R,NYN,P
reynm003,Reynolds,Matt,R,R,NYN,SS
rodrj004,Rodriguez,Joely,L,L,NYN,P
ruf-d001,Ruf,Darin,R,R,NYN,1B
sancc001,Sanchez,Yolmer,B,R,NYN,2B
schem001,Scherzer,Max,R,R,NYN,P
shrec001,Shreve,Chasen,L,L,NYN,P
smitd008,Smith,Dominic,L,L,NYN,1B
smitd009,Smith,Drew,R,R,NYN,P
szapt001,Szapucki,Thomas,R,L,NYN,P
vienm001,Vientos,Mark,R,R,NYN,3B
voged001,Vogelbach,Daniel,L,R,NYN,1B
walkt004,Walker,Taijuan,R,R,NYN,P
willt002,Williams,Trevor,R,R,NYN,P
zastr001,Zastryzny,Rob,R,L,NYN,P
degrj001,deGrom,Jacob,L,R,NYN,P
acevd001,Acevedo,Domingo,R,R,OAK,P
allea001,Allen,Austin,L,R,OAK,C
allen002,Allen,Nick,R,R,OAK,SS
andre001,Andrus,Elvis,R,R,OAK,SS
barrl001,Barrera,Luis,L,L,OAK,OF
bethc001,Bethancourt,Christian,R,R,OAK,1B
blacp001,Blackburn,Paul,R,R,OAK,P
bolts001,Bolt,Skye,B,R,OAK,OF
bridj001,Bride,Jonah,R,R,OAK,1B
brows003,Brown,Seth,L,L,OAK,1B
capec001,Capel,Conner,L,L,OAK,OF
castr005,Castellani,Ryan,R,R,OAK,P
cleme002,Clement,Ernie,R,R,OAK,2B
cyr-t001,Cyr,Tyler,R,R,OAK,P
davim005,Davidson,Matt,R,R,OAK,3B
diazj008,Diaz,Jordan,R,R,OAK,3B
garcd004,Garcia,Dermis,R,R,OAK,1B
grimj002,Grimm,Justin,R,R,OAK,P
irvic001,Irvin,Cole,L,L,OAK,P
jackd004,Jackson,Drew,R,R,OAK,SS
jackz002,Jackson,Zach,R,R,OAK,P
jeffd001,Jefferies,Daulton,L,R,OAK,P
jimed002,Jimenez,Dany,R,R,OAK,P
kaprj001,Kaprielian,James,R,R,OAK,P
kempt001,Kemp,Tony,L,R,OAK,OF
koenj001,Koenig,Jared,R,L,OAK,P
kolaa001,Kolarek,Adam,L,L,OAK,P
langs001,Langeliers,Shea,R,R,OAK,C
laurr001,Laureano,Ramon,R,R,OAK,OF
lemoj001,Lemoine,Jacob,R,R,OAK,P
loguz001,Logue,Zach,L,L,OAK,P
lopec001,Lopes,Christian,R,R,OAK,2B
lowrj001,Lowrie,Jed,B,R,OAK,3B
mackd001,MacKinnon,David,R,R,OAK,1B
machv001,Machin,Vimael,L,R,OAK,2B
markp001,Markel,Parker,R,R,OAK,P
marta006,Martinez,Adrian,R,R,OAK,P
mcdom002,McDonald,Mickey,L,R,OAK,OF
mckad001,McKay,David,R,R,OAK,P
mckib001,McKinney,Billy,L,L,OAK,OF
molls001,Moll,Sam,L,L,OAK,P
mondn001,Mondou,Nate,L,R,OAK,2B
montf001,Montas,Frankie,R,R,OAK,P
murps001,Murphy,Sean,R,R,OAK,C
neuss001,Neuse,Sheldon,R,R,OAK,3B
ollea001,Oller,Adam,R,R,OAK,P
pachc001,Pache,Cristian,R,R,OAK,OF
payaj001,Payamps,Joel,R,R,OAK,P
pindc001,Pinder,Chad,R,R,OAK,SS
piscs001,Piscotty,Stephen,R,R,OAK,OF
pruia001,Pruitt,Austin,R,R,OAK,P
puk-a001,Puk,A. J.,L,L,OAK,P
ruizn001,Ruiz,Norge,R,R,OAK,P
searj001,Sears,JP,R,L,OAK,P
selms001,Selman,Sam,R,L,OAK,P
smitk003,Smith,Kevin,R,R,OAK,SS
sneak001,Snead,Kirby,L,L,OAK,P
stevc001,Stevenson,Cal,L,L,OAK,OF
tapid001,Tapia,Domingo,R,R,OAK,P
thomc003,Thomas,Cody,L,R,OAK,OF
trivl001,Trivino,Lou,R,R,OAK,P
vogts001,Vogt,Stephen,L,R,OAK,C
waldk003,Waldichuk,Ken,L,L,OAK,P
wilec001,Wiles,Collin,R,R,OAK,P
alvaj004,Alvarado,Jose,L,L,PHI,P
appem001,Appel,Mark,R,R,PHI,P
bella001,Bellatti,Andrew,R,R,PHI,P
bohma001,Bohm,Alec,R,R,PHI,3B
brogc001,Brogdon,Connor,R,R,PHI,P
camaj001,Camargo,Johan,B,R,PHI,SS
castn001,Castellanos,Nick,R,R,PHI,3B
coons001,Coonrod,Sam,R,R,PHI,P
cyr-t001,Cyr,Tyler,R,R,PHI,P
devec001,Devenski,Chris,R,R,PHI,P
domis001,Dominguez,Seranthony,R,R,PHI,P
duron001,Duron,Nick,R,R,PHI,P
efliz001,Eflin,Zach,R,R,PHI,P
faltb001,Falter,Bailey,R,L,PHI,P
famij001,Familia,Jeurys,R,R,PHI,P
gibsk002,Gibson,Kyle,R,R,PHI,P
gregd001,Gregorius,Didi,L,R,PHI,SS
guthd001,Guthrie,Dalton,R,R,PHI,3B
halld003,Hall,Darick,L,R,PHI,1B
handb001,Hand,Brad,L,L,PHI,P
harpb003,Harper,Bryce,L,R,PHI,OF
herro001,Herrera,Odubel,L,R,PHI,OF
hoskr001,Hoskins,Rhys,R,R,PHI,1B
joned003,Jones,Damon,L,L,PHI,P
kellm004,Kelly,Michael,R,R,PHI,P
kings001,Kingery,Scott,R,R,PHI,2B
knebc001,Knebel,Corey,R,R,PHI,P
marsb002,Marsh,Brandon,L,R,PHI,OF
maton001,Maton,Nick,L,R,PHI,SS
merco003,Mercado,Oscar,R,R,PHI,OF
monim001,Moniak,Mickey,L,R,PHI,OF
moraf002,Morales,Francisco,R,R,PHI,P
munoy001,Munoz,Yairo,R,R,PHI,SS
muzzs001,Muzziotti,Simon,L,L,PHI,OF
nelsn001,Nelson,Nick,R,R,PHI,P
nittv001,Nittoli,Vinny,R,R,PHI,P
nolaa001,Nola,Aaron,R,R,PHI,P
norwj001,Norwood,James,R,R,PHI,P
plasm001,Plassmeyer,Michael,L,L,PHI,P
quinr003,Quinn,Roman,B,R,PHI,OF
realj001,Realmuto,J. T.,R,R,PHI,C
robed002,Robertson,David,R,R,PHI,P
romej002,Romero,JoJo,L,L,PHI,P
rossb001,Rossman,Bubby,B,R,PHI,P
sancc002,Sanchez,Cristopher,L,L,PHI,P
sandd004,Sands,Donny,R,R,PHI,C
schwk001,Schwarber,Kyle,L,R,PHI,OF
seguj002,Segura,Jean,R,R,PHI,SS
sosae001,Sosa,Edmundo,R,R,PHI,SS
stotb001,Stott,Bryson,L,R,PHI,SS
stubg001,Stubbs,Garrett,L,R,PHI,C
suarr001,Suarez,Ranger,L,L,PHI,P
syndn001,Syndergaard,Noah,L,R,PHI,P
vierm001,Vierling,Matt,R,R,PHI,OF
wheez001,Wheeler,Zack,L,R,PHI,P
zimmb001,Zimmer,Bradley,L,R,PHI,OF
alfoa002,Alford,Anthony,R,R,PIT,OF
alldc001,Alldred,Cam,L,L,PIT,P
alleg002,Allen,Greg,B,R,PIT,OF
andum001,Andujar,Miguel,R,R,PIT,3B
bae-j001,Bae,Ji Hwan,L,R,PIT,2B
banda001,Banda,Anthony,L,L,PIT,P
banum001,Banuelos,Manny,R,L,PIT,P
bednd001,Bednar,David,L,R,PIT,P
beedt001,Beede,Tyler,R,R,PIT,P
brica001,Brice,Austin,R,R,PIT,P
brubj001,Brubaker,JT,R,R,PIT,P
castd004,Castillo,Diego,R,R,PIT,3B
castr006,Castro,Rodolfo,B,R,PIT,2B
chany001,Chang,Yu,R,R,PIT,SS
chavm001,Chavis,Michael,R,R,PIT,3B
collz001,Collins,Zack,L,R,PIT,C
contr001,Contreras,Roansy,R,R,PIT,P
croww001,Crowe,Wil,R,R,PIT,P
cruzo001,Cruz,Oneil,L,R,PIT,SS
dejoc001,De Jong,Chase,L,R,PIT,P
deloy001,De Los Santos,Yerry,R,R,PIT,P
delaj004,Delay,Jason,R,R,PIT,C
eickj001,Eickhoff,Jerad,R,R,PIT,P
fernj006,Fernandez,Junior,R,R,PIT,P
fleta001,Fletcher,Aaron,L,L,PIT,P
gameb001,Gamel,Ben,L,L,PIT,OF
godoj001,Godoy,Jose,L,R,PIT,C
hayek001,Hayes,Ke'Bryan,R,R,PIT,3B
heint001,Heineman,Tyler,B,R,PIT,C
hembh001,Hembree,Heath,R,R,PIT,P
holdc001,Holderman,Colin,R,R,PIT,P
howas002,Howard,Sam,R,L,PIT,P
kellm003,Keller,Mitch,R,R,PIT,P
knapa001,Knapp,Andrew,B,R,PIT,C
kranm001,Kranick,Max,R,R,PIT,P
madrb002,Madris,Bligh,L,R,PIT,OF
marct001,Marcano,Tucupita,L,R,PIT,3B
marij002,Marisnick,Jake,R,R,PIT,OF
mearn001,Mears,Nick,R,R,PIT,P
mitcc002,Mitchell,Cal,L,L,PIT,OF
newmk001,Newman,Kevin,R,R,PIT,2B
ortil003,Ortiz,Luis,R,R,PIT,P
oviej001,Oviedo,Johan,R,R,PIT,P
padlk001,Padlo,Kevin,R,R,PIT,3B
parkh001,Park,Hoy,L,R,PIT,OF
pegul001,Peguero,Liover,R,R,PIT,SS
perem005,Perez,Michael,L,R,PIT,C
perer003,Perez,Roberto,R,R,PIT,C
peted001,Peters,Dillon,L,L,PIT,P
quinj001,Quintana,Jose,R,L,PIT,P
ramiy002,Ramirez,Yohan,R,R,PIT,P
reynb001,Reynolds,Bryan,B,R,PIT,OF
smitc008,Smith-Njigba,Canaan,L,R,PIT,OF
stepr002,Stephenson,Robert,R,R,PIT,P
stoue001,Stout,Eric,L,L,PIT,P
strac001,Stratton,Chris,R,R,PIT,P
sulsb001,Sulser,Beau,R,R,PIT,P
suwij001,Suwinski,Jack,L,L,PIT,OF
swagt001,Swaggerty,Travis,L,L,PIT,OF
thomz001,Thompson,Zach,R,R,PIT,P
tsuty001,Tsutsugo,Yoshi,L,R,PIT,OF
tuckc001,Tucker,Cole,B,R,PIT,SS
unded001,Underwood,Duane,R,R,PIT,P
vanmj001,VanMeter,Josh,L,R,PIT,2B
vieac001,Vieaux,Cam,L,L,PIT,P
voged001,Vogelbach,Daniel,L,R,PIT,1B
wilsb003,Wilson,Bryse,R,R,PIT,P
yajum001,Yajure,Miguel,R,R,PIT,P
abrac001,Abrams,CJ,L,R,SDN,SS
adama002,Adams,Austin,R,R,SDN,P
alcas002,Alcantara,Sergio,B,R,SDN,SS
alfaj002,Alfaro,Jorge,R,R,SDN,C
avilp001,Avila,Pedro,R,R,SDN,P
azocj001,Azocar,Jose,R,R,SDN,OF
baezm001,Baez,Michel,R,R,SDN,P
battm001,Batten,Matthew,R,R,SDN,2B
beatm001,Beaty,Matt,L,R,SDN,1B
bellj005,Bell,Josh,B,R,SDN,1B
campl002,Campusano,Luis,R,R,SDN,C
canor001,Cano,Robinson,L,R,SDN,2B
castj007,Castillo,Jose,L,L,SDN,P
clevm001,Clevinger,Mike,R,R,SDN,P
crisn001,Crismatt,Nabil,R,R,SDN,P
cronj001,Cronenworth,Jake,L,R,SDN,SS
darvy001,Darvish,Yu,R,R,SDN,P
dixob001,Dixon,Brandon,R,R,SDN,OF
drurb001,Drury,Brandon,R,R,SDN,3B
garcl005,Garcia,Luis,R,R,SDN,P
gorem001,Gore,MacKenzie,L,L,SDN,P
grist001,Grisham,Trent,L,L,SDN,OF
guerj004,Guerra,Javy,L,R,SDN,SS
hadej001,Hader,Josh,L,L,SDN,P
hillt002,Hill,Tim,R,L,SDN,P
hosme001,Hosmer,Eric,L,L,SDN,1B
johnp001,Johnson,Pierce,R,R,SDN,P
kerrr001,Kerr,Ray,L,L,SDN,P
kim-h002,Kim,Ha-Seong,R,R,SDN,SS
knehr001,Knehr,Reiss,L,R,SDN,P
lamed001,Lamet,Dinelson,R,R,SDN,P
libel001,Liberato,Luis,L,L,SDN,OF
machm001,Machado,Manny,R,R,SDN,3B
manas001,Manaea,Sean,R,L,SDN,P
martn002,Martinez,Nick,L,R,SDN,P
mazan001,Mazara,Nomar,L,L,SDN,OF
morea001,Morejon,Adrian,L,L,SDN,P
musgj001,Musgrove,Joe,R,R,SDN,P
myerw001,Myers,Wil,R,R,SDN,OF
nolaa002,Nola,Austin,R,R,SDN,1B
profj001,Profar,Jurickson,B,R,SDN,2B
roget001,Rogers,Taylor,L,L,SDN,P
rookb001,Rooker,Brent,R,R,SDN,OF
rosae002,Rosario,Eguy,R,R,SDN,2B
ruize001,Ruiz,Esteury,R,R,SDN,OF
scott004,Scott,Tayler,R,R,SDN,P
snelb001,Snell,Blake,L,L,SDN,P
sotoj001,Soto,Juan,L,L,SDN,OF
stamc001,Stammen,Craig,R,R,SDN,P
suarr002,Suarez,Robert,R,R,SDN,P
thomt002,Thompson,Trayce,R,R,SDN,OF
tylek001,Tyler,Kyle,R,R,SDN,P
voitl001,Voit,Luke,R,R,SDN,1B
weatr001,Weathers,Ryan,R,L,SDN,P
wilss002,Wilson,Steven,R,R,SDN,P
bernb001,Bernardino,Brennan,L,L,SEA,P
borur001,Borucki,Ryan,L,L,SEA,P
boydm001,Boyd,Matt,L,L,SEA,P
brasm001,Brash,Matt,R,R,SEA,P
casac001,Casali,Curt,R,R,SEA,C
castd002,Castillo,Diego,R,R,SEA,P
castl003,Castillo,Luis,R,R,SEA,P
crawj002,Crawford,J. P.,L,R,SEA,SS
eliar001,Elias,Roenis,L,L,SEA,P
ellid002,Ellis,Drew,R,R,SEA,3B
fairs001,Fairchild,Stuart,R,R,SEA,OF
festm001,Festa,Matthew,R,R,SEA,P
flexc001,Flexen,Chris,R,R,SEA,P
fordm002,Ford,Mike,L,R,SEA,1B
frant002,France,Ty,R,R,SEA,3B
fraza001,Frazier,Adam,L,R,SEA,1B
gilbl002,Gilbert,Logan,R,R,SEA,P
gilek001,Giles,Ken,R,R,SEA,P
gonzm005,Gonzales,Marco,L,L,SEA,P
haggs001,Haggerty,Sam,B,R,SEA,2B
hanim001,Haniger,Mitch,R,R,SEA,OF
jankt001,Jankowski,Travis,L,R,SEA,OF
kelej001,Kelenic,Jarred,L,L,SEA,OF
kirbg001,Kirby,George,R,R,SEA,P
knapa001,Knapp,Andrew,B,R,SEA,C
kochm001,Koch,Matt,L,R,SEA,P
lambj001,Lamb,Jake,L,R,SEA,3B
larsj001,Larsen,Jack,L,L,SEA,OF
lewik001,Lewis,Kyle,R,R,SEA,OF
millw002,Mills,Wyatt,R,R,SEA,P
milot001,Milone,Tommy,L,L,SEA,P
misia001,Misiewicz,Anthony,R,L,SEA,P
moord002,Moore,Dylan,R,R,SEA,3B
munoa002,Munoz,Andres,R,R,SEA,P
murfp001,Murfee,Penn,R,R,SEA,P
murpt002,Murphy,Tom,R,R,SEA,C
obrir001,O`Brien,Riley,R,R,SEA,P
okeeb001,O`Keefe,Brian,R,R,SEA,C
padlk001,Padlo,Kevin,R,R,SEA,3B
ralec001,Raleigh,Cal,B,R,SEA,C
ramiy002,Ramirez,Yohan,R,R,SEA,P
ray-r002,Ray,Robbie,L,L,SEA,P
rodrj007,Rodriguez,Julio,R,R,SEA,OF
romos001,Romo,Sergio,R,R,SEA,P
santc002,Santana,Carlos,B,R,SEA,1B
sewap001,Sewald,Paul,R,R,SEA,P
shefj001,Sheffield,Justus,L,L,SEA,P
souzs001,Souza,Steven,R,R,SEA,OF
stecd001,Steckenrider,Drew,R,R,SEA,P
suare001,Suarez,Eugenio,R,R,SEA,SS
swane001,Swanson,Erik,R,R,SEA,P
toroa001,Toro,Abraham,B,R,SEA,3B
torrl001,Torrens,Luis,R,R,SEA,C
tramt001,Trammell,Taylor,L,L,SEA,OF
uptoj001,Upton,Justin,R,R,SEA,OF
waltd002,Walton,Donovan,L,R,SEA,2B
wilsm003,Wilson,Marcus,R,R,SEA,OF
winkj002,Winker,Jesse,L,L,SEA,P
yound005,Young,Danny,L,L,SEA,P
alexs001,Alexander,Scott,L,L,SFN,P
alvaj003,Alvarez,Jose,L,L,SFN,P
bartj003,Bart,Joey,R,R,SFN,C
beedt001,Beede,Tyler,R,R,SFN,P
beltb001,Belt,Brandon,L,L,SFN,1B
brebj001,Brebbia,John,L,R,SFN,P
brinl001,Brinson,Lewis,R,R,SFN,OF
calhw001,Calhoun,Willie,L,R,SFN,OF
casac001,Casali,Curt,R,R,SFN,C
castk002,Castro,Kervin,R,R,SFN,P
cobba001,Cobb,Alex,R,R,SFN,P
cottj001,Cotton,Jharel,R,R,SFN,P
crawb001,Crawford,Brandon,L,R,SFN,SS
davij006,Davis,J. D.,R,R,SFN,3B
desca001,DeSclafani,Anthony,R,R,SFN,P
deana001,Dean,Austin,R,R,SFN,OF
dovac001,Doval,Camilo,R,R,SFN,P
dubom001,Dubon,Mauricio,R,R,SFN,SS
duggs001,Duggar,Steven,L,R,SFN,OF
estrt001,Estrada,Thairo,R,R,SFN,SS
fairs001,Fairchild,Stuart,R,R,SFN,OF
florw001,Flores,Wilmer,R,R,SFN,SS
fordm002,Ford,Mike,L,R,SFN,1B
garcj006,Garcia,Jarlin,L,L,SFN,P
gonzl005,Gonzalez,Luis,L,L,SFN,OF
hjels001,Hjelle,Sean,R,R,SFN,P
johnb005,Johnson,Bryce,B,R,SFN,OF
junij001,Junis,Jakob,R,R,SFN,P
knapa001,Knapp,Andrew,B,R,SFN,C
krizj001,Krizan,Jason,L,R,SFN,OF
lastt001,La Stella,Tommy,L,R,SFN,2B
leond003,Leone,Dominic,R,R,SFN,P
littz001,Littell,Zack,R,R,SFN,P
llovm001,Llovera,Mauricio,R,R,SFN,P
longs002,Long,Sam,L,L,SFN,P
longe001,Longoria,Evan,R,R,SFN,3B
machd001,Machado,Dixon,R,R,SFN,SS
marty001,Marte,Yunior,R,R,SFN,P
mcgej001,McGee,Jake,L,L,SFN,P
mercy001,Mercedes,Yermin,R,R,SFN,C
mills001,Miller,Shelby,R,R,SFN,P
ortil002,Ortiz,Luis,R,R,SFN,P
padlk001,Padlo,Kevin,R,R,SFN,3B
papim001,Papierski,Michael,B,R,SFN,C
pedej001,Pederson,Joc,L,L,SFN,OF
procf001,Proctor,Ford,L,R,SFN,C
ramoh002,Ramos,Heliot,R,R,SFN,OF
rodoc001,Rodon,Carlos,L,L,SFN,P
roget002,Rogers,Tyler,R,R,SFN,P
ruf-d001,Ruf,Darin,R,R,SFN,1B
santg001,Santos,Gregory,R,R,SFN,P
slata001,Slater,Austin,R,R,SFN,OF
szapt001,Szapucki,Thomas,R,L,SFN,P
tom-k001,Tom,Ka'ai,L,R,SFN,OF
vasqa002,Vasquez,Andrew,L,L,SFN,P
villd001,Villar,David,R,R,SFN,3B
voslj001,Vosler,Jason,L,R,SFN,3B
wadel001,Wade,LaMonte,L,L,SFN,OF
waitc001,Waites,Cole,R,R,SFN,P
waltd002,Walton,Donovan,L,R,SFN,2B
webbl001,Webb,Logan,R,R,SFN,P
willl001,Williams,Luke,R,R,SFN,3B
wooda002,Wood,Alex,R,L,SFN,P
wynna001,Wynns,Austin,R,R,SFN,P
yastm001,Yastrzemski,Mike,L,L,SFN,OF
youna002,Young,Alex,L,L,SFN,P
arenn001,Arenado,Nolan,R,R,SLN,3B
badeh001,Bader,Harrison,R,R,SLN,OF
brooa001,Brooks,Aaron,R,R,SLN,P
burla001,Burleson,Alec,L,L,SLN,OF
cabrg001,Cabrera,Genesis,L,L,SLN,P
capec001,Capel,Conner,L,L,SLN,OF
carld002,Carlson,Dylan,B,L,SLN,OF
dejop001,DeJong,Paul,R,R,SLN,3B
delub001,DeLuzio,Ben,R,R,SLN,OF
dickc002,Dickerson,Corey,L,R,SLN,OF
donob001,Donovan,Brendan,L,R,SLN,2B
edmat001,Edman,Tommy,B,R,SLN,SS
fernj006,Fernandez,Junior,R,R,SLN,P
flahj002,Flaherty,Jack,R,R,SLN,P
gallg001,Gallegos,Giovanny,R,R,SLN,P
goldp001,Goldschmidt,Paul,R,R,SLN,1B
gormn001,Gorman,Nolan,L,R,SLN,2B
helsr001,Helsley,Ryan,R,R,SLN,P
herri001,Herrera,Ivan,R,R,SLN,C
hickj002,Hicks,Jordan,R,R,SLN,P
hudsd002,Hudson,Dakota,R,R,SLN,P
kniza001,Knizner,Andrew,R,R,SLN,C
libem001,Liberatore,Matthew,L,L,SLN,P
matzs001,Matz,Steven,R,L,SLN,P
mcfat001,McFarland,T. J.,L,L,SLN,P
mikom001,Mikolas,Miles,R,R,SLN,P
moliy001,Molina,Yadier,R,R,SLN,C
montj004,Montgomery,Jordan,L,L,SLN,P
nailj001,Naile,James,R,R,SLN,P
naugp001,Naughton,Packy,R,L,SLN,P
nootl001,Nootbaar,Lars,L,R,SLN,OF
oneit001,O'Neill,Tyler,R,R,SLN,OF
oviej001,Oviedo,Johan,R,R,SLN,P
palla001,Pallante,Andre,R,R,SLN,P
pujoa001,Pujols,Albert,R,R,SLN,1B
quinj001,Quintana,Jose,R,L,SLN,P
robek003,Robertson,Kramer,R,R,SLN,2B
romej002,Romero,JoJo,L,L,SLN,P
romia002,Romine,Austin,R,R,SLN,C
ronda001,Rondon,Angel,R,R,SLN,P
sosae001,Sosa,Edmundo,R,R,SLN,SS
spanc001,Spangenberg,Cory,L,R,SLN,2B
strac001,Stratton,Chris,R,R,SLN,P
thomz002,Thompson,Zack,L,L,SLN,P
verhd001,VerHagen,Drew,R,R,SLN,P
waina001,Wainwright,Adam,R,R,SLN,P
walsj002,Walsh,Jake,R,R,SLN,P
whitk001,Whitley,Kodi,R,R,SLN,P
wittn001,Wittgren,Nick,R,R,SLN,P
woodj003,Woodford,Jake,R,R,SLN,P
yepej001,Yepez,Juan,R,R,SLN,1B
adamj002,Adam,Jason,R,R,TBA,P
aranj001,Aranda,Jonathan,L,R,TBA,2B
armss001,Armstrong,Shawn,R,R,TBA,P
arozr001,Arozarena,Randy,R,R,TBA,OF
bardl001,Bard,Luke,R,R,TBA,P
baz-s001,Baz,Shane,R,R,TBA,P
beekj001,Beeks,Jalen,L,L,TBA,P
bethc001,Bethancourt,Christian,R,R,TBA,C
brujv001,Brujan,Vidal,B,R,TBA,OF
chany001,Chang,Yu,R,R,TBA,SS
charj001,Chargois,J. T.,B,R,TBA,P
chiry001,Chirinos,Yonny,R,R,TBA,P
choij001,Choi,Ji-Man,L,R,TBA,OF
cleag001,Cleavinger,Garrett,R,L,TBA,P
crisc002,Criswell,Cooper,R,R,TBA,P
diazy001,Diaz,Yandy,R,R,TBA,OF
duggr001,Dugger,Robert,R,R,TBA,P
fairp001,Fairbanks,Pete,R,R,TBA,P
faucc001,Faucher,Calvin,R,R,TBA,P
feyej001,Feyereisen,J. P.,R,R,TBA,P
flemj001,Fleming,Josh,L,L,TBA,P
franw002,Franco,Wander,B,R,TBA,3B
garzr001,Garza,Ralph,R,R,TBA,P
glast001,Glasnow,Tyler,L,R,TBA,P
guerj004,Guerra,Javy,L,R,TBA,SS
hergk001,Herget,Kevin,L,R,TBA,P
kierk001,Kiermaier,Kevin,L,R,TBA,OF
kitta001,Kittredge,Andrew,R,R,TBA,P
klubc001,Kluber,Corey,R,R,TBA,P
knigd001,Knight,Dusten,R,R,TBA,P
loweb001,Lowe,Brandon,L,R,TBA,2B
lowej002,Lowe,Josh,L,R,TBA,OF
margm001,Margot,Manuel,R,R,TBA,OF
mastm001,Mastrobuoni,Miles,L,R,TBA,2B
mazzc002,Mazza,Chris,R,R,TBA,P
mccls003,McClanahan,Shane,L,L,TBA,P
mcgee001,McGee,Easton,R,R,TBA,P
mckad001,McKay,David,R,R,TBA,P
mejif001,Mejia,Francisco,B,R,TBA,C
oganc001,Ogando,Cristofer,R,R,TBA,P
parei001,Paredes,Isaac,R,R,TBA,3B
patil001,Patino,Luis,R,R,TBA,P
perad001,Peralta,David,L,L,TBA,OF
philb002,Phillips,Brett,L,R,TBA,OF
pintr003,Pinto,Rene,R,R,TBA,C
pochc001,Poche,Colin,L,L,TBA,P
quinr003,Quinn,Roman,B,R,TBA,OF
raleb001,Raley,Brooks,L,L,TBA,P
ralel001,Raley,Luke,L,R,TBA,OF
ramih004,Ramirez,Harold,R,R,TBA,OF
rasmd002,Rasmussen,Drew,R,R,TBA,P
romet001,Romero,Tommy,R,R,TBA,P
sandp003,Sanders,Phoenix,R,R,TBA,P
sirij001,Siri,Jose,R,R,TBA,OF
sprij001,Springs,Jeffrey,L,L,TBA,P
thomr007,Thompson,Ryan,R,R,TBA,P
wallt003,Walls,Taylor,B,R,TBA,SS
wislm001,Wisler,Matt,R,R,TBA,P
yacaj001,Yacabonis,Jimmy,R,R,TBA,P
yarbr001,Yarbrough,Ryan,R,L,TBA,P
zunim001,Zunino,Mike,R,R,TBA,C
abrea001,Abreu,Albert,R,R,TEX,P
alexa001,Alexy,A. J.,R,R,TEX,P
allak001,Allard,Kolby,L,L,TEX,P
arihk001,Arihara,Kohei,R,R,TEX,P
barlj001,Barlow,Joe,R,R,TEX,P
burkb001,Burke,Brock,L,L,TEX,P
bushm001,Bush,Matt,R,R,TEX,P
calhk001,Calhoun,Kole,L,L,TEX,OF
calhw001,Calhoun,Willie,L,R,TEX,OF
culbc001,Culberson,Charlie,R,R,TEX,3B
duggs001,Duggar,Steven,L,R,TEX,OF
dunnd001,Dunning,Dane,R,R,TEX,P
durae002,Duran,Ezequiel,R,R,TEX,2B
garca005,Garcia,Adolis,R,R,TEX,OF
garvm001,Garver,Mitch,R,R,TEX,C
grayj003,Gray,Jon,R,R,TEX,P
heart001,Hearn,Taylor,L,L,TEX,P
heimj001,Heim,Jonah,B,R,TEX,C
herne003,Hernandez,Elier,R,R,TEX,OF
hernj004,Hernandez,Jonathan,R,R,TEX,P
hollg001,Holland,Greg,R,R,TEX,P
howas003,Howard,Spencer,R,R,TEX,P
huffs001,Huff,Sam,R,R,TEX,C
ibana001,Ibanez,Andy,R,R,TEX,3B
jungj001,Jung,Josh,R,R,TEX,3B
keucd001,Keuchel,Dallas,L,L,TEX,P
kingj002,King,John,L,L,TEX,P
leclj001,Leclerc,Jose,R,R,TEX,P
lowen001,Lowe,Nathaniel,L,R,TEX,1B
martb002,Martin,Brett,L,L,TEX,P
mathm002,Mathias,Mark,R,R,TEX,2B
millb002,Miller,Brad,L,R,TEX,SS
millt003,Miller,Tyson,R,R,TEX,P
moorm003,Moore,Matt,L,L,TEX,P
ottog001,Otto,Glenn,R,R,TEX,P
patts002,Patton,Spencer,R,R,TEX,P
perem004,Perez,Martin,L,L,TEX,P
plawk001,Plawecki,Kevin,R,R,TEX,C
ragac001,Ragans,Cole,L,L,TEX,P
reksz001,Reks,Zach,L,R,TEX,OF
richg002,Richards,Garrett,R,R,TEX,P
rodry002,Rodriguez,Yerry,R,R,TEX,P
santd003,Santana,Dennis,R,R,TEX,P
sborj002,Sborz,Josh,R,R,TEX,P
seagc001,Seager,Corey,L,R,TEX,SS
semim001,Semien,Marcus,R,R,TEX,SS
smitj007,Smith,Josh,L,R,TEX,2B
snydn001,Snyder,Nicklaus,R,R,TEX,P
solan001,Solak,Nick,R,R,TEX,2B
tavel001,Taveras,Leody,B,R,TEX,OF
thomb003,Thompson,Bubba,R,R,TEX,OF
tinoj001,Tinoco,Jesus,R,R,TEX,P
vilom001,Viloria,Meibrys,L,R,TEX,C
walks001,Walker,Steele,L,L,TEX,OF
white006,White,Eli,R,R,TEX,2B
andes002,Anderson,Shaun,R,R,TOR,P
banda001,Banda,Anthony,L,L,TOR,P
bassa001,Bass,Anthony,R,R,TOR,P
beasj001,Beasley,Jeremy,R,R,TOR,P
berrj001,Berrios,Jose,R,R,TOR,P
bichb001,Bichette,Bo,R,R,TOR,SS
biggc002,Biggio,Cavan,L,R,TOR,2B
borur001,Borucki,Ryan,L,L,TOR,P
bradj001,Bradley,Jackie,L,R,TOR,OF
caprv001,Capra,Vinny,R,R,TOR,3B
castm003,Castillo,Max,R,R,TOR,P
chapm001,Chapman,Matt,R,R,TOR,3B
cimba001,Cimber,Adam,R,R,TOR,P
collz001,Collins,Zack,L,R,TOR,C
espis001,Espinal,Santiago,R,R,TOR,2B
franb002,Francis,Bowden,R,R,TOR,P
gagem001,Gage,Matt,L,L,TOR,P
garcy001,Garcia,Yimi,R,R,TOR,P
gausk001,Gausman,Kevin,L,R,TOR,P
griff001,Griffin,Foster,R,L,TOR,P
guerv002,Guerrero,Vladimir,R,R,TOR,3B
gurrl001,Gurriel,Lourdes,R,R,TOR,2B
hatct001,Hatch,Thomas,R,R,TOR,P
heint001,Heineman,Tyler,B,R,TOR,C
hernt002,Hernandez,Teoscar,R,R,TOR,OF
jansd001,Jansen,Danny,R,R,TOR,C
katog001,Katoh,Gosuke,L,R,TOR,2B
kay-a001,Kay,Anthony,L,L,TOR,P
kikuy001,Kikuchi,Yusei,L,L,TOR,P
kirka001,Kirk,Alejandro,R,R,TOR,C
lawrc001,Lawrence,Casey,R,R,TOR,P
lopeo001,Lopez,Otto,R,R,TOR,2B
manoa001,Manoah,Alek,R,R,TOR,P
mayzt001,Mayza,Tim,L,L,TOR,P
merrw001,Merrifield,Whit,R,R,TOR,OF
merrj001,Merryweather,Julian,R,R,TOR,P
moreg001,Moreno,Gabriel,R,R,TOR,C
pheld001,Phelps,David,R,R,TOR,P
pop-z001,Pop,Zach,R,R,TOR,P
richt001,Richards,Trevor,R,R,TOR,P
romaj004,Romano,Jordan,R,R,TOR,P
romos001,Romo,Sergio,R,R,TOR,P
ryu-h001,Ryu,Hyun Jin,R,L,TOR,P
sauct001,Saucedo,Tayler,L,L,TOR,P
sprig001,Springer,George,R,R,TOR,OF
strir001,Stripling,Ross,R,R,TOR,P
tapir001,Tapia,Raimel,L,L,TOR,OF
thort002,Thornton,Trent,R,R,TOR,P
vasqa002,Vasquez,Andrew,L,L,TOR,P
whitm004,White,Mitch,R,R,TOR,P
zimmb001,Zimmer,Bradley,L,R,TOR,OF
abboc001,Abbott,Cory,R,R,WAS,P
abrac001,Abrams,CJ,L,R,WAS,SS
adamr004,Adams,Riley,R,R,WAS,C
adonj001,Adon,Joan,R,R,WAS,P
adrie001,Adrianza,Ehire,B,R,WAS,2B
aranv001,Arano,Victor,R,R,WAS,P
barrt004,Barrera,Tres,R,R,WAS,C
bellj005,Bell,Josh,B,R,WAS,1B
calla002,Call,Alex,R,R,WAS,OF
cavac001,Cavalli,Cade,R,R,WAS,P
cishs001,Cishek,Steve,R,R,WAS,P
clays001,Clay,Sam,L,L,WAS,P
clipt001,Clippard,Tyler,R,R,WAS,P
corbp001,Corbin,Patrick,L,L,WAS,P
cruzn002,Cruz,Nelson,R,R,WAS,OF
dools001,Doolittle,Sean,L,L,WAS,P
edwac001,Edwards,Carl,R,R,WAS,P
escoa003,Escobar,Alcides,R,R,WAS,SS
espip001,Espino,Paolo,R,R,WAS,P
fedde001,Fedde,Erick,R,R,WAS,P
finnk001,Finnegan,Kyle,R,R,WAS,P
fox-l001,Fox,Lucius,B,R,WAS,SS
franm004,Franco,Maikel,R,R,WAS,3B
garcl006,Garcia,Luis,L,R,WAS,SS
garrr001,Garrett,Reed,R,R,WAS,P
grayj004,Gray,Josiah,R,R,WAS,P
harvh001,Harvey,Hunter,R,R,WAS,P
hernc005,Hernandez,Cesar,B,R,WAS,2B
herny002,Hernandez,Yadiel,L,R,WAS,OF
lee-e001,Lee,Evan,L,L,WAS,P
macha003,Machado,Andres,R,R,WAS,P
mcgej001,McGee,Jake,L,L,WAS,P
menej001,Meneses,Joey,R,R,WAS,1B
murpp001,Murphy,Patrick,R,R,WAS,P
palaj001,Palacios,Josh,L,R,WAS,OF
peref002,Perez,Francisco,B,L,WAS,P
pinei001,Pineda,Israel,R,R,WAS,C
raint003,Rainey,Tanner,R,R,WAS,P
ramie004,Ramirez,Erasmo,R,R,WAS,P
roblv001,Robles,Victor,R,R,WAS,OF
rogej003,Rogers,Josh,L,L,WAS,P
romet001,Romero,Tommy,R,R,WAS,P
ruizk001,Ruiz,Keibert,B,R,WAS,C
sanca006,Sanchez,Aaron,R,R,WAS,P
sanca004,Sanchez,Anibal,R,R,WAS,P
sotoj001,Soto,Juan,L,L,WAS,OF
gordd002,Strange-Gordon,Dee,L,R,WAS,2B
stras001,Strasburg,Stephen,R,R,WAS,P
tetrj001,Tetreault,Jackson,R,R,WAS,P
thoml002,Thomas,Lane,R,R,WAS,OF
thomm005,Thompson,Mason,R,R,WAS,P
vargi001,Vargas,Ildemaro,B,R,WAS,2B
voitl001,Voit,Luke,R,R,WAS,1B
votha001,Voth,Austin,R,R,WAS,P
weemj001,Weems,Jordan,L,R,WAS,P
